Sinh vien test 1, 20250001
Sinh vien test 2, 20250002
Sinh vien test 3, 20250003
Sinh vien test 4, 20250004
Sinh vien test 5, 20250005
Sinh vien test 6, 20250006
Sinh vien test 7, 20250007
Sinh vien test 8, 20250008
Sinh vien test 9, 20250009
Sinh vien test 10, 20250010
Sinh vien test 11, 20250011
Sinh vien test 12, 20250012
Sinh vien test 13, 20250013
Sinh vien test 14, 20250014
Sinh vien test 15, 20250015
Sinh vien test 16, 20250016
Sinh vien test 17, 20250017
Sinh vien test 18, 20250018
Sinh vien test 19, 20250019
Sinh vien test 20, 20250020
Sinh vien test 21, 20250021
Sinh vien test 22, 20250022
Sinh vien test 23, 20250023
Sinh vien test 24, 20250024
Sinh vien test 25, 20250025
Sinh vien test 26, 20250026
Sinh vien test 27, 20250027
Sinh vien test 28, 20250028
Sinh vien test 29, 20250029
Sinh vien test 30, 20250030
Sinh vien test 31, 20250031
Sinh vien test 32, 20250032
Sinh vien test 33, 20250033
Sinh vien test 34, 20250034
Sinh vien test 35, 20250035
Sinh vien test 36, 20250036
Sinh vien test 37, 20250037
Sinh vien test 38, 20250038
Sinh vien test 39, 20250039
Sinh vien test 40, 20250040
Sinh vien test 41, 20250041
Sinh vien test 42, 20250042
Sinh vien test 43, 20250043
Sinh vien test 44, 20250044
Sinh vien test 45, 20250045
Sinh vien test 46, 20250046
Sinh vien test 47, 20250047
Sinh vien test 48, 20250048
Sinh vien test 49, 20250049
Sinh vien test 50, 20250050
Sinh vien test 51, 20250051
Sinh vien test 52, 20250052
Sinh vien test 53, 20250053
Sinh vien test 54, 20250054
Sinh vien test 55, 20250055
Sinh vien test 56, 20250056
Sinh vien test 57, 20250057
Sinh vien test 58, 20250058
Sinh vien test 59, 20250059
Sinh vien test 60, 20250060
Sinh vien test 61, 20250061
Sinh vien test 62, 20250062
Sinh vien test 63, 20250063
Sinh vien test 64, 20250064
Sinh vien test 65, 20250065
Sinh vien test 66, 20250066
Sinh vien test 67, 20250067
Sinh vien test 68, 20250068
Sinh vien test 69, 20250069
Sinh vien test 70, 20250070
Sinh vien test 71, 20250071
Sinh vien test 72, 20250072
Sinh vien test 73, 20250073
Sinh vien test 74, 20250074
Sinh vien test 75, 20250075
Sinh vien test 76, 20250076
Sinh vien test 77, 20250077
Sinh vien test 78, 20250078
Sinh vien test 79, 20250079
Sinh vien test 80, 20250080
Sinh vien test 81, 20250081
Sinh vien test 82, 20250082
Sinh vien test 83, 20250083
Sinh vien test 84, 20250084
Sinh vien test 85, 20250085
Sinh vien test 86, 20250086
Sinh vien test 87, 20250087
Sinh vien test 88, 20250088
Sinh vien test 89, 20250089
Sinh vien test 90, 20250090
Sinh vien test 91, 20250091
Sinh vien test 92, 20250092
Sinh vien test 93, 20250093
Sinh vien test 94, 20250094
Sinh vien test 95, 20250095
Sinh vien test 96, 20250096
Sinh vien test 97, 20250097
Sinh vien test 98, 20250098
Sinh vien test 99, 20250099
Sinh vien test 100, 20250100
Sinh vien test 101, 20250101
Sinh vien test 102, 20250102
Sinh vien test 103, 20250103
Sinh vien test 104, 20250104
Sinh vien test 105, 20250105
Sinh vien test 106, 20250106
Sinh vien test 107, 20250107
Sinh vien test 108, 20250108
Sinh vien test 109, 20250109
Sinh vien test 110, 20250110
Sinh vien test 111, 20250111
Sinh vien test 112, 20250112
Sinh vien test 113, 20250113
Sinh vien test 114, 20250114
Sinh vien test 115, 20250115
Sinh vien test 116, 20250116
Sinh vien test 117, 20250117
Sinh vien test 118, 20250118
Sinh vien test 119, 20250119
Sinh vien test 120, 20250120
Sinh vien test 121, 20250121
Sinh vien test 122, 20250122
Sinh vien test 123, 20250123
Sinh vien test 124, 20250124
Sinh vien test 125, 20250125
Sinh vien test 126, 20250126
Sinh vien test 127, 20250127
Sinh vien test 128, 20250128
Sinh vien test 129, 20250129
Sinh vien test 130, 20250130
Sinh vien test 131, 20250131
Sinh vien test 132, 20250132
Sinh vien test 133, 20250133
Sinh vien test 134, 20250134
Sinh vien test 135, 20250135
Sinh vien test 136, 20250136
Sinh vien test 137, 20250137
Sinh vien test 138, 20250138
Sinh vien test 139, 20250139
Sinh vien test 140, 20250140
Sinh vien test 141, 20250141
Sinh vien test 142, 20250142
Sinh vien test 143, 20250143
Sinh vien test 144, 20250144
Sinh vien test 145, 20250145
Sinh vien test 146, 20250146
Sinh vien test 147, 20250147
Sinh vien test 148, 20250148
Sinh vien test 149, 20250149
Sinh vien test 150, 20250150
Sinh vien test 151, 20250151
Sinh vien test 152, 20250152
Sinh vien test 153, 20250153
Sinh vien test 154, 20250154
Sinh vien test 155, 20250155
Sinh vien test 156, 20250156
Sinh vien test 157, 20250157
Sinh vien test 158, 20250158
Sinh vien test 159, 20250159
Sinh vien test 160, 20250160
Sinh vien test 161, 20250161
Sinh vien test 162, 20250162
Sinh vien test 163, 20250163
Sinh vien test 164, 20250164
Sinh vien test 165, 20250165
Sinh vien test 166, 20250166
Sinh vien test 167, 20250167
Sinh vien test 168, 20250168
Sinh vien test 169, 20250169
Sinh vien test 170, 20250170
Sinh vien test 171, 20250171
Sinh vien test 172, 20250172
Sinh vien test 173, 20250173
Sinh vien test 174, 20250174
Sinh vien test 175, 20250175
Sinh vien test 176, 20250176
Sinh vien test 177, 20250177
Sinh vien test 178, 20250178
Sinh vien test 179, 20250179
Sinh vien test 180, 20250180
Sinh vien test 181, 20250181
Sinh vien test 182, 20250182
Sinh vien test 183, 20250183
Sinh vien test 184, 20250184
Sinh vien test 185, 20250185
Sinh vien test 186, 20250186
Sinh vien test 187, 20250187
Sinh vien test 188, 20250188
Sinh vien test 189, 20250189
Sinh vien test 190, 20250190
Sinh vien test 191, 20250191
Sinh vien test 192, 20250192
Sinh vien test 193, 20250193
Sinh vien test 194, 20250194
Sinh vien test 195, 20250195
Sinh vien test 196, 20250196
Sinh vien test 197, 20250197
Sinh vien test 198, 20250198
Sinh vien test 199, 20250199
Sinh vien test 200, 20250200
Sinh vien test 201, 20250201
Sinh vien test 202, 20250202
Sinh vien test 203, 20250203
Sinh vien test 204, 20250204
Sinh vien test 205, 20250205
Sinh vien test 206, 20250206
Sinh vien test 207, 20250207
Sinh vien test 208, 20250208
Sinh vien test 209, 20250209
Sinh vien test 210, 20250210
Sinh vien test 211, 20250211
Sinh vien test 212, 20250212
Sinh vien test 213, 20250213
Sinh vien test 214, 20250214
Sinh vien test 215, 20250215
Sinh vien test 216, 20250216
Sinh vien test 217, 20250217
Sinh vien test 218, 20250218
Sinh vien test 219, 20250219
Sinh vien test 220, 20250220
Sinh vien test 221, 20250221
Sinh vien test 222, 20250222
Sinh vien test 223, 20250223
Sinh vien test 224, 20250224
Sinh vien test 225, 20250225
Sinh vien test 226, 20250226
Sinh vien test 227, 20250227
Sinh vien test 228, 20250228
Sinh vien test 229, 20250229
Sinh vien test 230, 20250230
Sinh vien test 231, 20250231
Sinh vien test 232, 20250232
Sinh vien test 233, 20250233
Sinh vien test 234, 20250234
Sinh vien test 235, 20250235
Sinh vien test 236, 20250236
Sinh vien test 237, 20250237
Sinh vien test 238, 20250238
Sinh vien test 239, 20250239
Sinh vien test 240, 20250240
Sinh vien test 241, 20250241
Sinh vien test 242, 20250242
Sinh vien test 243, 20250243
Sinh vien test 244, 20250244
Sinh vien test 245, 20250245
Sinh vien test 246, 20250246
Sinh vien test 247, 20250247
Sinh vien test 248, 20250248
Sinh vien test 249, 20250249
Sinh vien test 250, 20250250
Sinh vien test 251, 20250251
Sinh vien test 252, 20250252
Sinh vien test 253, 20250253
Sinh vien test 254, 20250254
Sinh vien test 255, 20250255
Sinh vien test 256, 20250256
Sinh vien test 257, 20250257
Sinh vien test 258, 20250258
Sinh vien test 259, 20250259
Sinh vien test 260, 20250260
Sinh vien test 261, 20250261
Sinh vien test 262, 20250262
Sinh vien test 263, 20250263
Sinh vien test 264, 20250264
Sinh vien test 265, 20250265
Sinh vien test 266, 20250266
Sinh vien test 267, 20250267
Sinh vien test 268, 20250268
Sinh vien test 269, 20250269
Sinh vien test 270, 20250270
Sinh vien test 271, 20250271
Sinh vien test 272, 20250272
Sinh vien test 273, 20250273
Sinh vien test 274, 20250274
Sinh vien test 275, 20250275
Sinh vien test 276, 20250276
Sinh vien test 277, 20250277
Sinh vien test 278, 20250278
Sinh vien test 279, 20250279
Sinh vien test 280, 20250280
Sinh vien test 281, 20250281
Sinh vien test 282, 20250282
Sinh vien test 283, 20250283
Sinh vien test 284, 20250284
Sinh vien test 285, 20250285
Sinh vien test 286, 20250286
Sinh vien test 287, 20250287
Sinh vien test 288, 20250288
Sinh vien test 289, 20250289
Sinh vien test 290, 20250290
Sinh vien test 291, 20250291
Sinh vien test 292, 20250292
Sinh vien test 293, 20250293
Sinh vien test 294, 20250294
Sinh vien test 295, 20250295
Sinh vien test 296, 20250296
Sinh vien test 297, 20250297
Sinh vien test 298, 20250298
Sinh vien test 299, 20250299
Sinh vien test 300, 20250300
Sinh vien test 301, 20250301
Sinh vien test 302, 20250302
Sinh vien test 303, 20250303
Sinh vien test 304, 20250304
Sinh vien test 305, 20250305
Sinh vien test 306, 20250306
Sinh vien test 307, 20250307
Sinh vien test 308, 20250308
Sinh vien test 309, 20250309
Sinh vien test 310, 20250310
Sinh vien test 311, 20250311
Sinh vien test 312, 20250312
Sinh vien test 313, 20250313
Sinh vien test 314, 20250314
Sinh vien test 315, 20250315
Sinh vien test 316, 20250316
Sinh vien test 317, 20250317
Sinh vien test 318, 20250318
Sinh vien test 319, 20250319
Sinh vien test 320, 20250320
Sinh vien test 321, 20250321
Sinh vien test 322, 20250322
Sinh vien test 323, 20250323
Sinh vien test 324, 20250324
Sinh vien test 325, 20250325
Sinh vien test 326, 20250326
Sinh vien test 327, 20250327
Sinh vien test 328, 20250328
Sinh vien test 329, 20250329
Sinh vien test 330, 20250330
Sinh vien test 331, 20250331
Sinh vien test 332, 20250332
Sinh vien test 333, 20250333
Sinh vien test 334, 20250334
Sinh vien test 335, 20250335
Sinh vien test 336, 20250336
Sinh vien test 337, 20250337
Sinh vien test 338, 20250338
Sinh vien test 339, 20250339
Sinh vien test 340, 20250340
Sinh vien test 341, 20250341
Sinh vien test 342, 20250342
Sinh vien test 343, 20250343
Sinh vien test 344, 20250344
Sinh vien test 345, 20250345
Sinh vien test 346, 20250346
Sinh vien test 347, 20250347
Sinh vien test 348, 20250348
Sinh vien test 349, 20250349
Sinh vien test 350, 20250350
Sinh vien test 351, 20250351
Sinh vien test 352, 20250352
Sinh vien test 353, 20250353
Sinh vien test 354, 20250354
Sinh vien test 355, 20250355
Sinh vien test 356, 20250356
Sinh vien test 357, 20250357
Sinh vien test 358, 20250358
Sinh vien test 359, 20250359
Sinh vien test 360, 20250360
Sinh vien test 361, 20250361
Sinh vien test 362, 20250362
Sinh vien test 363, 20250363
Sinh vien test 364, 20250364
Sinh vien test 365, 20250365
Sinh vien test 366, 20250366
Sinh vien test 367, 20250367
Sinh vien test 368, 20250368
Sinh vien test 369, 20250369
Sinh vien test 370, 20250370
Sinh vien test 371, 20250371
Sinh vien test 372, 20250372
Sinh vien test 373, 20250373
Sinh vien test 374, 20250374
Sinh vien test 375, 20250375
Sinh vien test 376, 20250376
Sinh vien test 377, 20250377
Sinh vien test 378, 20250378
Sinh vien test 379, 20250379
Sinh vien test 380, 20250380
Sinh vien test 381, 20250381
Sinh vien test 382, 20250382
Sinh vien test 383, 20250383
Sinh vien test 384, 20250384
Sinh vien test 385, 20250385
Sinh vien test 386, 20250386
Sinh vien test 387, 20250387
Sinh vien test 388, 20250388
Sinh vien test 389, 20250389
Sinh vien test 390, 20250390
Sinh vien test 391, 20250391
Sinh vien test 392, 20250392
Sinh vien test 393, 20250393
Sinh vien test 394, 20250394
Sinh vien test 395, 20250395
Sinh vien test 396, 20250396
Sinh vien test 397, 20250397
Sinh vien test 398, 20250398
Sinh vien test 399, 20250399
Sinh vien test 400, 20250400
Sinh vien test 401, 20250401
Sinh vien test 402, 20250402
Sinh vien test 403, 20250403
Sinh vien test 404, 20250404
Sinh vien test 405, 20250405
Sinh vien test 406, 20250406
Sinh vien test 407, 20250407
Sinh vien test 408, 20250408
Sinh vien test 409, 20250409
Sinh vien test 410, 20250410
Sinh vien test 411, 20250411
Sinh vien test 412, 20250412
Sinh vien test 413, 20250413
Sinh vien test 414, 20250414
Sinh vien test 415, 20250415
Sinh vien test 416, 20250416
Sinh vien test 417, 20250417
Sinh vien test 418, 20250418
Sinh vien test 419, 20250419
Sinh vien test 420, 20250420
Sinh vien test 421, 20250421
Sinh vien test 422, 20250422
Sinh vien test 423, 20250423
Sinh vien test 424, 20250424
Sinh vien test 425, 20250425
Sinh vien test 426, 20250426
Sinh vien test 427, 20250427
Sinh vien test 428, 20250428
Sinh vien test 429, 20250429
Sinh vien test 430, 20250430
Sinh vien test 431, 20250431
Sinh vien test 432, 20250432
Sinh vien test 433, 20250433
Sinh vien test 434, 20250434
Sinh vien test 435, 20250435
Sinh vien test 436, 20250436
Sinh vien test 437, 20250437
Sinh vien test 438, 20250438
Sinh vien test 439, 20250439
Sinh vien test 440, 20250440
Sinh vien test 441, 20250441
Sinh vien test 442, 20250442
Sinh vien test 443, 20250443
Sinh vien test 444, 20250444
Sinh vien test 445, 20250445
Sinh vien test 446, 20250446
Sinh vien test 447, 20250447
Sinh vien test 448, 20250448
Sinh vien test 449, 20250449
Sinh vien test 450, 20250450
Sinh vien test 451, 20250451
Sinh vien test 452, 20250452
Sinh vien test 453, 20250453
Sinh vien test 454, 20250454
Sinh vien test 455, 20250455
Sinh vien test 456, 20250456
Sinh vien test 457, 20250457
Sinh vien test 458, 20250458
Sinh vien test 459, 20250459
Sinh vien test 460, 20250460
Sinh vien test 461, 20250461
Sinh vien test 462, 20250462
Sinh vien test 463, 20250463
Sinh vien test 464, 20250464
Sinh vien test 465, 20250465
Sinh vien test 466, 20250466
Sinh vien test 467, 20250467
Sinh vien test 468, 20250468
Sinh vien test 469, 20250469
Sinh vien test 470, 20250470
Sinh vien test 471, 20250471
Sinh vien test 472, 20250472
Sinh vien test 473, 20250473
Sinh vien test 474, 20250474
Sinh vien test 475, 20250475
Sinh vien test 476, 20250476
Sinh vien test 477, 20250477
Sinh vien test 478, 20250478
Sinh vien test 479, 20250479
Sinh vien test 480, 20250480
Sinh vien test 481, 20250481
Sinh vien test 482, 20250482
Sinh vien test 483, 20250483
Sinh vien test 484, 20250484
Sinh vien test 485, 20250485
Sinh vien test 486, 20250486
Sinh vien test 487, 20250487
Sinh vien test 488, 20250488
Sinh vien test 489, 20250489
Sinh vien test 490, 20250490
Sinh vien test 491, 20250491
Sinh vien test 492, 20250492
Sinh vien test 493, 20250493
Sinh vien test 494, 20250494
Sinh vien test 495, 20250495
Sinh vien test 496, 20250496
Sinh vien test 497, 20250497
Sinh vien test 498, 20250498
Sinh vien test 499, 20250499
Sinh vien test 500, 20250500
